<?xml version="1.0" encoding="ISO-8859-1"?>
<SpoonerPlacements>
	<Note />
	<AudioFile volume="400" />
	<ClearDatabase>false</ClearDatabase>
	<ClearWorld>0</ClearWorld>
	<ClearMarkers>false</ClearMarkers>
	<IPLsToLoad load_mp_maps="false" load_sp_maps="false" />
	<IPLsToRemove />
	<InteriorsToEnable />
	<InteriorsToCap />
	<WeatherToSet></WeatherToSet>
	<TimecycleModifier strength="1"></TimecycleModifier>
	<StartTaskSequencesOnLoad>true</StartTaskSequencesOnLoad>
	<ReferenceCoords>
		<X>-852.564819</X>
		<Y>159.469635</Y>
		<Z>64.4426727</Z>
	</ReferenceCoords>
	<Placement>
		<ModelHash>0xf161d212</ModelHash>
		<Type>1</Type>
		<Dynamic>true</Dynamic>
		<FrozenPos>false</FrozenPos>
		<HashName>Gark's Security</HashName>
		<InitialHandle>84745</InitialHandle>
		<PedProperties>
			<IsStill>false</IsStill>
			<CanRagdoll>true</CanRagdoll>
			<HasShortHeight>false</HasShortHeight>
			<Armour>0</Armour>
			<CurrentWeapon>0xbfefff6d</CurrentWeapon>
			<PedProps>
				<_0>-1,-1</_0>
				<_1>-1,-1</_1>
				<_2>-1,-1</_2>
				<_3>-1,-1</_3>
				<_4>-1,-1</_4>
				<_5>-1,-1</_5>
				<_6>-1,-1</_6>
				<_7>-1,-1</_7>
				<_8>-1,-1</_8>
				<_9>-1,-1</_9>
			</PedProps>
			<PedComps>
				<_0>1,1</_0>
				<_1>0,0</_1>
				<_2>0,0</_2>
				<_3>0,2</_3>
				<_4>0,2</_4>
				<_5>0,0</_5>
				<_6>0,0</_6>
				<_7>0,0</_7>
				<_8>0,0</_8>
				<_9>0,0</_9>
				<_10>0,0</_10>
				<_11>1,1</_11>
			</PedComps>
			<RelationshipGroupAltered>true</RelationshipGroupAltered>
			<RelationshipGroup>0x217b058e</RelationshipGroup>
			<ScenarioActive>false</ScenarioActive>
			<AnimActive>false</AnimActive>
		</PedProperties>
		<OpacityLevel>255</OpacityLevel>
		<LodDistance>16960</LodDistance>
		<IsVisible>true</IsVisible>
		<MaxHealth>200</MaxHealth>
		<Health>200</Health>
		<HasGravity>true</HasGravity>
		<IsOnFire>false</IsOnFire>
		<IsInvincible>false</IsInvincible>
		<IsBulletProof>false</IsBulletProof>
		<IsCollisionProof>false</IsCollisionProof>
		<IsExplosionProof>false</IsExplosionProof>
		<IsFireProof>false</IsFireProof>
		<IsMeleeProof>false</IsMeleeProof>
		<IsOnlyDamagedByPlayer>false</IsOnlyDamagedByPlayer>
		<PositionRotation>
			<X>-846.223206</X>
			<Y>180.470551</Y>
			<Z>70.262207</Z>
			<Pitch>0</Pitch>
			<Roll>-0</Roll>
			<Yaw>-122.746895</Yaw>
		</PositionRotation>
		<Attachment isAttached="false" />
	</Placement>
	<Placement>
		<ModelHash>0xf161d212</ModelHash>
		<Type>1</Type>
		<Dynamic>true</Dynamic>
		<FrozenPos>false</FrozenPos>
		<HashName>Gark's Security</HashName>
		<InitialHandle>688908</InitialHandle>
		<PedProperties>
			<IsStill>false</IsStill>
			<CanRagdoll>true</CanRagdoll>
			<HasShortHeight>false</HasShortHeight>
			<Armour>0</Armour>
			<CurrentWeapon>0xbfefff6d</CurrentWeapon>
			<PedProps>
				<_0>-1,-1</_0>
				<_1>-1,-1</_1>
				<_2>-1,-1</_2>
				<_3>-1,-1</_3>
				<_4>-1,-1</_4>
				<_5>-1,-1</_5>
				<_6>-1,-1</_6>
				<_7>-1,-1</_7>
				<_8>-1,-1</_8>
				<_9>-1,-1</_9>
			</PedProps>
			<PedComps>
				<_0>0,1</_0>
				<_1>0,0</_1>
				<_2>0,0</_2>
				<_3>0,0</_3>
				<_4>0,0</_4>
				<_5>0,0</_5>
				<_6>0,0</_6>
				<_7>0,0</_7>
				<_8>0,0</_8>
				<_9>0,0</_9>
				<_10>0,0</_10>
				<_11>1,0</_11>
			</PedComps>
			<RelationshipGroupAltered>true</RelationshipGroupAltered>
			<RelationshipGroup>0x217b058e</RelationshipGroup>
			<ScenarioActive>false</ScenarioActive>
			<AnimActive>false</AnimActive>
		</PedProperties>
		<OpacityLevel>255</OpacityLevel>
		<LodDistance>16960</LodDistance>
		<IsVisible>true</IsVisible>
		<MaxHealth>200</MaxHealth>
		<Health>200</Health>
		<HasGravity>true</HasGravity>
		<IsOnFire>false</IsOnFire>
		<IsInvincible>false</IsInvincible>
		<IsBulletProof>false</IsBulletProof>
		<IsCollisionProof>false</IsCollisionProof>
		<IsExplosionProof>false</IsExplosionProof>
		<IsFireProof>false</IsFireProof>
		<IsMeleeProof>false</IsMeleeProof>
		<IsOnlyDamagedByPlayer>false</IsOnlyDamagedByPlayer>
		<PositionRotation>
			<X>-846.795898</X>
			<Y>176.233032</Y>
			<Z>69.9106293</Z>
			<Pitch>0</Pitch>
			<Roll>0</Roll>
			<Yaw>-57.958374</Yaw>
		</PositionRotation>
		<Attachment isAttached="false" />
	</Placement>
	<Placement>
		<ModelHash>0xf161d212</ModelHash>
		<Type>1</Type>
		<Dynamic>true</Dynamic>
		<FrozenPos>false</FrozenPos>
		<HashName>Gark's Security</HashName>
		<InitialHandle>700169</InitialHandle>
		<PedProperties>
			<IsStill>false</IsStill>
			<CanRagdoll>true</CanRagdoll>
			<HasShortHeight>false</HasShortHeight>
			<Armour>0</Armour>
			<CurrentWeapon>0xbfefff6d</CurrentWeapon>
			<PedProps>
				<_0>-1,-1</_0>
				<_1>-1,-1</_1>
				<_2>-1,-1</_2>
				<_3>-1,-1</_3>
				<_4>-1,-1</_4>
				<_5>-1,-1</_5>
				<_6>-1,-1</_6>
				<_7>-1,-1</_7>
				<_8>-1,-1</_8>
				<_9>-1,-1</_9>
			</PedProps>
			<PedComps>
				<_0>0,2</_0>
				<_1>0,0</_1>
				<_2>0,0</_2>
				<_3>0,0</_3>
				<_4>0,0</_4>
				<_5>0,0</_5>
				<_6>0,0</_6>
				<_7>0,0</_7>
				<_8>0,0</_8>
				<_9>0,0</_9>
				<_10>0,0</_10>
				<_11>0,2</_11>
			</PedComps>
			<RelationshipGroupAltered>true</RelationshipGroupAltered>
			<RelationshipGroup>0x217b058e</RelationshipGroup>
			<ScenarioActive>false</ScenarioActive>
			<AnimActive>false</AnimActive>
		</PedProperties>
		<OpacityLevel>255</OpacityLevel>
		<LodDistance>16960</LodDistance>
		<IsVisible>true</IsVisible>
		<MaxHealth>200</MaxHealth>
		<Health>200</Health>
		<HasGravity>true</HasGravity>
		<IsOnFire>false</IsOnFire>
		<IsInvincible>false</IsInvincible>
		<IsBulletProof>false</IsBulletProof>
		<IsCollisionProof>false</IsCollisionProof>
		<IsExplosionProof>false</IsExplosionProof>
		<IsFireProof>false</IsFireProof>
		<IsMeleeProof>false</IsMeleeProof>
		<IsOnlyDamagedByPlayer>false</IsOnlyDamagedByPlayer>
		<PositionRotation>
			<X>-818.174927</X>
			<Y>175.545074</Y>
			<Z>72.1316147</Z>
			<Pitch>0</Pitch>
			<Roll>-0</Roll>
			<Yaw>124.394783</Yaw>
		</PositionRotation>
		<Attachment isAttached="false" />
	</Placement>
	<Placement>
		<ModelHash>0xf161d212</ModelHash>
		<Type>1</Type>
		<Dynamic>true</Dynamic>
		<FrozenPos>false</FrozenPos>
		<HashName>Gark's Security</HashName>
		<InitialHandle>152846</InitialHandle>
		<PedProperties>
			<IsStill>false</IsStill>
			<CanRagdoll>true</CanRagdoll>
			<HasShortHeight>false</HasShortHeight>
			<Armour>0</Armour>
			<CurrentWeapon>0x13532244</CurrentWeapon>
			<PedProps>
				<_0>-1,-1</_0>
				<_1>-1,-1</_1>
				<_2>-1,-1</_2>
				<_3>-1,-1</_3>
				<_4>-1,-1</_4>
				<_5>-1,-1</_5>
				<_6>-1,-1</_6>
				<_7>-1,-1</_7>
				<_8>-1,-1</_8>
				<_9>-1,-1</_9>
			</PedProps>
			<PedComps>
				<_0>1,0</_0>
				<_1>0,0</_1>
				<_2>0,0</_2>
				<_3>0,2</_3>
				<_4>0,2</_4>
				<_5>0,0</_5>
				<_6>0,0</_6>
				<_7>0,0</_7>
				<_8>1,0</_8>
				<_9>0,0</_9>
				<_10>0,0</_10>
				<_11>0,0</_11>
			</PedComps>
			<RelationshipGroupAltered>true</RelationshipGroupAltered>
			<RelationshipGroup>0x217b058e</RelationshipGroup>
			<ScenarioActive>false</ScenarioActive>
			<AnimActive>false</AnimActive>
		</PedProperties>
		<OpacityLevel>255</OpacityLevel>
		<LodDistance>16960</LodDistance>
		<IsVisible>true</IsVisible>
		<MaxHealth>200</MaxHealth>
		<Health>200</Health>
		<HasGravity>true</HasGravity>
		<IsOnFire>false</IsOnFire>
		<IsInvincible>false</IsInvincible>
		<IsBulletProof>false</IsBulletProof>
		<IsCollisionProof>false</IsCollisionProof>
		<IsExplosionProof>false</IsExplosionProof>
		<IsFireProof>false</IsFireProof>
		<IsMeleeProof>false</IsMeleeProof>
		<IsOnlyDamagedByPlayer>false</IsOnlyDamagedByPlayer>
		<PositionRotation>
			<X>-819.62738</X>
			<Y>179.356186</Y>
			<Z>72.1332703</Z>
			<Pitch>0</Pitch>
			<Roll>-0</Roll>
			<Yaw>113.048988</Yaw>
		</PositionRotation>
		<Attachment isAttached="false" />
	</Placement>
	<Placement>
		<ModelHash>0xf161d212</ModelHash>
		<Type>1</Type>
		<Dynamic>true</Dynamic>
		<FrozenPos>false</FrozenPos>
		<HashName>Gark's Security</HashName>
		<InitialHandle>65294</InitialHandle>
		<PedProperties>
			<IsStill>false</IsStill>
			<CanRagdoll>true</CanRagdoll>
			<HasShortHeight>false</HasShortHeight>
			<Armour>0</Armour>
			<CurrentWeapon>0x2be6766b</CurrentWeapon>
			<PedProps>
				<_0>-1,-1</_0>
				<_1>-1,-1</_1>
				<_2>-1,-1</_2>
				<_3>-1,-1</_3>
				<_4>-1,-1</_4>
				<_5>-1,-1</_5>
				<_6>-1,-1</_6>
				<_7>-1,-1</_7>
				<_8>-1,-1</_8>
				<_9>-1,-1</_9>
			</PedProps>
			<PedComps>
				<_0>0,0</_0>
				<_1>0,0</_1>
				<_2>0,0</_2>
				<_3>0,0</_3>
				<_4>0,0</_4>
				<_5>0,0</_5>
				<_6>0,0</_6>
				<_7>0,0</_7>
				<_8>0,0</_8>
				<_9>0,0</_9>
				<_10>0,0</_10>
				<_11>1,0</_11>
			</PedComps>
			<RelationshipGroupAltered>true</RelationshipGroupAltered>
			<RelationshipGroup>0x217b058e</RelationshipGroup>
			<ScenarioActive>true</ScenarioActive>
			<ScenarioName>WORLD_HUMAN_SMOKING</ScenarioName>
			<AnimActive>false</AnimActive>
		</PedProperties>
		<OpacityLevel>255</OpacityLevel>
		<LodDistance>16960</LodDistance>
		<IsVisible>true</IsVisible>
		<MaxHealth>200</MaxHealth>
		<Health>200</Health>
		<HasGravity>true</HasGravity>
		<IsOnFire>false</IsOnFire>
		<IsInvincible>false</IsInvincible>
		<IsBulletProof>false</IsBulletProof>
		<IsCollisionProof>false</IsCollisionProof>
		<IsExplosionProof>false</IsExplosionProof>
		<IsFireProof>false</IsFireProof>
		<IsMeleeProof>false</IsMeleeProof>
		<IsOnlyDamagedByPlayer>false</IsOnlyDamagedByPlayer>
		<PositionRotation>
			<X>-817.6604</X>
			<Y>188.306274</Y>
			<Z>72.4059372</Z>
			<Pitch>0</Pitch>
			<Roll>-0</Roll>
			<Yaw>141.88942</Yaw>
		</PositionRotation>
		<Attachment isAttached="false" />
	</Placement>
	<Placement>
		<ModelHash>0xf161d212</ModelHash>
		<Type>1</Type>
		<Dynamic>true</Dynamic>
		<FrozenPos>false</FrozenPos>
		<HashName>Gark's Security</HashName>
		<InitialHandle>18446</InitialHandle>
		<PedProperties>
			<IsStill>false</IsStill>
			<CanRagdoll>true</CanRagdoll>
			<HasShortHeight>false</HasShortHeight>
			<Armour>0</Armour>
			<CurrentWeapon>0x39958261</CurrentWeapon>
			<PedProps>
				<_0>-1,-1</_0>
				<_1>-1,-1</_1>
				<_2>-1,-1</_2>
				<_3>-1,-1</_3>
				<_4>-1,-1</_4>
				<_5>-1,-1</_5>
				<_6>-1,-1</_6>
				<_7>-1,-1</_7>
				<_8>-1,-1</_8>
				<_9>-1,-1</_9>
			</PedProps>
			<PedComps>
				<_0>0,1</_0>
				<_1>0,0</_1>
				<_2>0,0</_2>
				<_3>0,1</_3>
				<_4>0,1</_4>
				<_5>0,0</_5>
				<_6>0,0</_6>
				<_7>0,0</_7>
				<_8>1,0</_8>
				<_9>0,0</_9>
				<_10>0,0</_10>
				<_11>1,1</_11>
			</PedComps>
			<RelationshipGroupAltered>true</RelationshipGroupAltered>
			<RelationshipGroup>0x217b058e</RelationshipGroup>
			<ScenarioActive>true</ScenarioActive>
			<ScenarioName>WORLD_HUMAN_DRINKING</ScenarioName>
			<AnimActive>false</AnimActive>
		</PedProperties>
		<OpacityLevel>255</OpacityLevel>
		<LodDistance>16960</LodDistance>
		<IsVisible>true</IsVisible>
		<MaxHealth>200</MaxHealth>
		<Health>200</Health>
		<HasGravity>true</HasGravity>
		<IsOnFire>false</IsOnFire>
		<IsInvincible>false</IsInvincible>
		<IsBulletProof>false</IsBulletProof>
		<IsCollisionProof>false</IsCollisionProof>
		<IsExplosionProof>false</IsExplosionProof>
		<IsFireProof>false</IsFireProof>
		<IsMeleeProof>false</IsMeleeProof>
		<IsOnlyDamagedByPlayer>false</IsOnlyDamagedByPlayer>
		<PositionRotation>
			<X>-816.121338</X>
			<Y>183.498672</Y>
			<Z>72.3906403</Z>
			<Pitch>0</Pitch>
			<Roll>0</Roll>
			<Yaw>78.5758133</Yaw>
		</PositionRotation>
		<Attachment isAttached="false" />
	</Placement>
	<Placement>
		<ModelHash>0xf161d212</ModelHash>
		<Type>1</Type>
		<Dynamic>true</Dynamic>
		<FrozenPos>false</FrozenPos>
		<HashName>Gark's Security</HashName>
		<InitialHandle>770312</InitialHandle>
		<PedProperties>
			<IsStill>false</IsStill>
			<CanRagdoll>true</CanRagdoll>
			<HasShortHeight>false</HasShortHeight>
			<Armour>0</Armour>
			<CurrentWeapon>0x1d073a89</CurrentWeapon>
			<PedProps>
				<_0>-1,-1</_0>
				<_1>-1,-1</_1>
				<_2>-1,-1</_2>
				<_3>-1,-1</_3>
				<_4>-1,-1</_4>
				<_5>-1,-1</_5>
				<_6>-1,-1</_6>
				<_7>-1,-1</_7>
				<_8>-1,-1</_8>
				<_9>-1,-1</_9>
			</PedProps>
			<PedComps>
				<_0>1,1</_0>
				<_1>0,0</_1>
				<_2>0,0</_2>
				<_3>0,2</_3>
				<_4>0,2</_4>
				<_5>0,0</_5>
				<_6>0,0</_6>
				<_7>0,0</_7>
				<_8>1,0</_8>
				<_9>0,0</_9>
				<_10>0,0</_10>
				<_11>0,0</_11>
			</PedComps>
			<RelationshipGroupAltered>true</RelationshipGroupAltered>
			<RelationshipGroup>0x217b058e</RelationshipGroup>
			<ScenarioActive>true</ScenarioActive>
			<ScenarioName>WORLD_HUMAN_SMOKING</ScenarioName>
			<AnimActive>false</AnimActive>
		</PedProperties>
		<OpacityLevel>255</OpacityLevel>
		<LodDistance>16960</LodDistance>
		<IsVisible>true</IsVisible>
		<MaxHealth>200</MaxHealth>
		<Health>200</Health>
		<HasGravity>true</HasGravity>
		<IsOnFire>false</IsOnFire>
		<IsInvincible>false</IsInvincible>
		<IsBulletProof>false</IsBulletProof>
		<IsCollisionProof>false</IsCollisionProof>
		<IsExplosionProof>false</IsExplosionProof>
		<IsFireProof>false</IsFireProof>
		<IsMeleeProof>false</IsMeleeProof>
		<IsOnlyDamagedByPlayer>false</IsOnlyDamagedByPlayer>
		<PositionRotation>
			<X>-813.234375</X>
			<Y>167.075546</Y>
			<Z>72.2207642</Z>
			<Pitch>0</Pitch>
			<Roll>-0</Roll>
			<Yaw>114.260277</Yaw>
		</PositionRotation>
		<Attachment isAttached="false" />
	</Placement>
	<Placement>
		<ModelHash>0xf161d212</ModelHash>
		<Type>1</Type>
		<Dynamic>true</Dynamic>
		<FrozenPos>false</FrozenPos>
		<HashName>Gark's Security</HashName>
		<InitialHandle>338954</InitialHandle>
		<PedProperties>
			<IsStill>false</IsStill>
			<CanRagdoll>true</CanRagdoll>
			<HasShortHeight>false</HasShortHeight>
			<Armour>0</Armour>
			<CurrentWeapon>0x13532244</CurrentWeapon>
			<PedProps>
				<_0>-1,-1</_0>
				<_1>-1,-1</_1>
				<_2>-1,-1</_2>
				<_3>-1,-1</_3>
				<_4>-1,-1</_4>
				<_5>-1,-1</_5>
				<_6>-1,-1</_6>
				<_7>-1,-1</_7>
				<_8>-1,-1</_8>
				<_9>-1,-1</_9>
			</PedProps>
			<PedComps>
				<_0>0,0</_0>
				<_1>0,0</_1>
				<_2>0,0</_2>
				<_3>0,0</_3>
				<_4>0,0</_4>
				<_5>0,0</_5>
				<_6>0,0</_6>
				<_7>0,0</_7>
				<_8>0,0</_8>
				<_9>0,0</_9>
				<_10>0,0</_10>
				<_11>0,2</_11>
			</PedComps>
			<RelationshipGroupAltered>true</RelationshipGroupAltered>
			<RelationshipGroup>0x217b058e</RelationshipGroup>
			<ScenarioActive>false</ScenarioActive>
			<AnimActive>false</AnimActive>
		</PedProperties>
		<OpacityLevel>255</OpacityLevel>
		<LodDistance>16960</LodDistance>
		<IsVisible>true</IsVisible>
		<MaxHealth>200</MaxHealth>
		<Health>200</Health>
		<HasGravity>true</HasGravity>
		<IsOnFire>false</IsOnFire>
		<IsInvincible>false</IsInvincible>
		<IsBulletProof>false</IsBulletProof>
		<IsCollisionProof>false</IsCollisionProof>
		<IsExplosionProof>false</IsExplosionProof>
		<IsFireProof>false</IsFireProof>
		<IsMeleeProof>false</IsMeleeProof>
		<IsOnlyDamagedByPlayer>false</IsOnlyDamagedByPlayer>
		<PositionRotation>
			<X>-802.857788</X>
			<Y>161.708801</Y>
			<Z>71.54599</Z>
			<Pitch>0</Pitch>
			<Roll>0</Roll>
			<Yaw>71.8176422</Yaw>
		</PositionRotation>
		<Attachment isAttached="false" />
	</Placement>
	<Placement>
		<ModelHash>0xf161d212</ModelHash>
		<Type>1</Type>
		<Dynamic>true</Dynamic>
		<FrozenPos>false</FrozenPos>
		<HashName>Gark's Security</HashName>
		<InitialHandle>620301</InitialHandle>
		<PedProperties>
			<IsStill>false</IsStill>
			<CanRagdoll>true</CanRagdoll>
			<HasShortHeight>false</HasShortHeight>
			<Armour>0</Armour>
			<CurrentWeapon>0xbfefff6d</CurrentWeapon>
			<PedProps>
				<_0>-1,-1</_0>
				<_1>-1,-1</_1>
				<_2>-1,-1</_2>
				<_3>-1,-1</_3>
				<_4>-1,-1</_4>
				<_5>-1,-1</_5>
				<_6>-1,-1</_6>
				<_7>-1,-1</_7>
				<_8>-1,-1</_8>
				<_9>-1,-1</_9>
			</PedProps>
			<PedComps>
				<_0>1,0</_0>
				<_1>0,0</_1>
				<_2>0,0</_2>
				<_3>0,1</_3>
				<_4>0,1</_4>
				<_5>0,0</_5>
				<_6>0,0</_6>
				<_7>0,0</_7>
				<_8>1,0</_8>
				<_9>0,0</_9>
				<_10>0,0</_10>
				<_11>1,0</_11>
			</PedComps>
			<RelationshipGroupAltered>true</RelationshipGroupAltered>
			<RelationshipGroup>0x217b058e</RelationshipGroup>
			<ScenarioActive>false</ScenarioActive>
			<AnimActive>false</AnimActive>
		</PedProperties>
		<OpacityLevel>255</OpacityLevel>
		<LodDistance>16960</LodDistance>
		<IsVisible>true</IsVisible>
		<MaxHealth>200</MaxHealth>
		<Health>200</Health>
		<HasGravity>true</HasGravity>
		<IsOnFire>false</IsOnFire>
		<IsInvincible>false</IsInvincible>
		<IsBulletProof>false</IsBulletProof>
		<IsCollisionProof>false</IsCollisionProof>
		<IsExplosionProof>false</IsExplosionProof>
		<IsFireProof>false</IsFireProof>
		<IsMeleeProof>false</IsMeleeProof>
		<IsOnlyDamagedByPlayer>false</IsOnlyDamagedByPlayer>
		<PositionRotation>
			<X>-805.588928</X>
			<Y>165.315613</Y>
			<Z>71.5613327</Z>
			<Pitch>0</Pitch>
			<Roll>-0</Roll>
			<Yaw>159.817001</Yaw>
		</PositionRotation>
		<Attachment isAttached="false" />
	</Placement>
	<Placement>
		<ModelHash>0xf161d212</ModelHash>
		<Type>1</Type>
		<Dynamic>true</Dynamic>
		<FrozenPos>false</FrozenPos>
		<HashName>Gark's Security</HashName>
		<InitialHandle>281351</InitialHandle>
		<PedProperties>
			<IsStill>false</IsStill>
			<CanRagdoll>true</CanRagdoll>
			<HasShortHeight>false</HasShortHeight>
			<Armour>0</Armour>
			<CurrentWeapon>0xbfefff6d</CurrentWeapon>
			<PedProps>
				<_0>-1,-1</_0>
				<_1>-1,-1</_1>
				<_2>-1,-1</_2>
				<_3>-1,-1</_3>
				<_4>-1,-1</_4>
				<_5>-1,-1</_5>
				<_6>-1,-1</_6>
				<_7>-1,-1</_7>
				<_8>-1,-1</_8>
				<_9>-1,-1</_9>
			</PedProps>
			<PedComps>
				<_0>0,2</_0>
				<_1>0,0</_1>
				<_2>0,0</_2>
				<_3>0,2</_3>
				<_4>0,2</_4>
				<_5>0,0</_5>
				<_6>0,0</_6>
				<_7>0,0</_7>
				<_8>0,0</_8>
				<_9>0,0</_9>
				<_10>0,0</_10>
				<_11>1,1</_11>
			</PedComps>
			<RelationshipGroupAltered>true</RelationshipGroupAltered>
			<RelationshipGroup>0x217b058e</RelationshipGroup>
			<ScenarioActive>true</ScenarioActive>
			<ScenarioName>WORLD_HUMAN_SMOKING</ScenarioName>
			<AnimActive>false</AnimActive>
		</PedProperties>
		<OpacityLevel>255</OpacityLevel>
		<LodDistance>16960</LodDistance>
		<IsVisible>true</IsVisible>
		<MaxHealth>200</MaxHealth>
		<Health>200</Health>
		<HasGravity>true</HasGravity>
		<IsOnFire>false</IsOnFire>
		<IsInvincible>false</IsInvincible>
		<IsBulletProof>false</IsBulletProof>
		<IsCollisionProof>false</IsCollisionProof>
		<IsExplosionProof>false</IsExplosionProof>
		<IsFireProof>false</IsFireProof>
		<IsMeleeProof>false</IsMeleeProof>
		<IsOnlyDamagedByPlayer>false</IsOnlyDamagedByPlayer>
		<PositionRotation>
			<X>-797.514526</X>
			<Y>171.665024</Y>
			<Z>72.5555115</Z>
			<Pitch>0</Pitch>
			<Roll>0</Roll>
			<Yaw>-60.788269</Yaw>
		</PositionRotation>
		<Attachment isAttached="false" />
	</Placement>
	<Placement>
		<ModelHash>0xf161d212</ModelHash>
		<Type>1</Type>
		<Dynamic>true</Dynamic>
		<FrozenPos>false</FrozenPos>
		<HashName>Gark's Security</HashName>
		<InitialHandle>704264</InitialHandle>
		<PedProperties>
			<IsStill>false</IsStill>
			<CanRagdoll>true</CanRagdoll>
			<HasShortHeight>false</HasShortHeight>
			<Armour>0</Armour>
			<CurrentWeapon>0x1d073a89</CurrentWeapon>
			<PedProps>
				<_0>-1,-1</_0>
				<_1>-1,-1</_1>
				<_2>-1,-1</_2>
				<_3>-1,-1</_3>
				<_4>-1,-1</_4>
				<_5>-1,-1</_5>
				<_6>-1,-1</_6>
				<_7>-1,-1</_7>
				<_8>-1,-1</_8>
				<_9>-1,-1</_9>
			</PedProps>
			<PedComps>
				<_0>1,1</_0>
				<_1>0,0</_1>
				<_2>0,0</_2>
				<_3>0,0</_3>
				<_4>0,0</_4>
				<_5>0,0</_5>
				<_6>0,0</_6>
				<_7>0,0</_7>
				<_8>0,0</_8>
				<_9>0,0</_9>
				<_10>0,0</_10>
				<_11>0,0</_11>
			</PedComps>
			<RelationshipGroupAltered>true</RelationshipGroupAltered>
			<RelationshipGroup>0x217b058e</RelationshipGroup>
			<ScenarioActive>false</ScenarioActive>
			<AnimActive>false</AnimActive>
		</PedProperties>
		<OpacityLevel>255</OpacityLevel>
		<LodDistance>16960</LodDistance>
		<IsVisible>true</IsVisible>
		<MaxHealth>200</MaxHealth>
		<Health>200</Health>
		<HasGravity>true</HasGravity>
		<IsOnFire>false</IsOnFire>
		<IsInvincible>false</IsInvincible>
		<IsBulletProof>false</IsBulletProof>
		<IsCollisionProof>false</IsCollisionProof>
		<IsExplosionProof>false</IsExplosionProof>
		<IsFireProof>false</IsFireProof>
		<IsMeleeProof>false</IsMeleeProof>
		<IsOnlyDamagedByPlayer>false</IsOnlyDamagedByPlayer>
		<PositionRotation>
			<X>-775.988647</X>
			<Y>189.805496</Y>
			<Z>73.3172607</Z>
			<Pitch>0</Pitch>
			<Roll>-0</Roll>
			<Yaw>165.737625</Yaw>
		</PositionRotation>
		<Attachment isAttached="false" />
	</Placement>
	<Placement>
		<ModelHash>0xf161d212</ModelHash>
		<Type>1</Type>
		<Dynamic>true</Dynamic>
		<FrozenPos>false</FrozenPos>
		<HashName>Gark's Security</HashName>
		<InitialHandle>566024</InitialHandle>
		<PedProperties>
			<IsStill>false</IsStill>
			<CanRagdoll>true</CanRagdoll>
			<HasShortHeight>false</HasShortHeight>
			<Armour>0</Armour>
			<CurrentWeapon>0x13532244</CurrentWeapon>
			<PedProps>
				<_0>-1,-1</_0>
				<_1>-1,-1</_1>
				<_2>-1,-1</_2>
				<_3>-1,-1</_3>
				<_4>-1,-1</_4>
				<_5>-1,-1</_5>
				<_6>-1,-1</_6>
				<_7>-1,-1</_7>
				<_8>-1,-1</_8>
				<_9>-1,-1</_9>
			</PedProps>
			<PedComps>
				<_0>0,1</_0>
				<_1>0,0</_1>
				<_2>0,0</_2>
				<_3>0,2</_3>
				<_4>0,2</_4>
				<_5>0,0</_5>
				<_6>0,0</_6>
				<_7>0,0</_7>
				<_8>0,0</_8>
				<_9>0,0</_9>
				<_10>0,0</_10>
				<_11>0,2</_11>
			</PedComps>
			<RelationshipGroupAltered>true</RelationshipGroupAltered>
			<RelationshipGroup>0x217b058e</RelationshipGroup>
			<ScenarioActive>false</ScenarioActive>
			<AnimActive>false</AnimActive>
		</PedProperties>
		<OpacityLevel>255</OpacityLevel>
		<LodDistance>16960</LodDistance>
		<IsVisible>true</IsVisible>
		<MaxHealth>200</MaxHealth>
		<Health>200</Health>
		<HasGravity>true</HasGravity>
		<IsOnFire>false</IsOnFire>
		<IsInvincible>false</IsInvincible>
		<IsBulletProof>false</IsBulletProof>
		<IsCollisionProof>false</IsCollisionProof>
		<IsExplosionProof>false</IsExplosionProof>
		<IsFireProof>false</IsFireProof>
		<IsMeleeProof>false</IsMeleeProof>
		<IsOnlyDamagedByPlayer>false</IsOnlyDamagedByPlayer>
		<PositionRotation>
			<X>-768.952942</X>
			<Y>176.609024</Y>
			<Z>72.8362122</Z>
			<Pitch>0</Pitch>
			<Roll>0</Roll>
			<Yaw>28.3928375</Yaw>
		</PositionRotation>
		<Attachment isAttached="false" />
	</Placement>
	<Placement>
		<ModelHash>0xf161d212</ModelHash>
		<Type>1</Type>
		<Dynamic>true</Dynamic>
		<FrozenPos>false</FrozenPos>
		<HashName>Gark's Security</HashName>
		<InitialHandle>669709</InitialHandle>
		<PedProperties>
			<IsStill>false</IsStill>
			<CanRagdoll>true</CanRagdoll>
			<HasShortHeight>false</HasShortHeight>
			<Armour>0</Armour>
			<CurrentWeapon>0x39958261</CurrentWeapon>
			<PedProps>
				<_0>-1,-1</_0>
				<_1>-1,-1</_1>
				<_2>-1,-1</_2>
				<_3>-1,-1</_3>
				<_4>-1,-1</_4>
				<_5>-1,-1</_5>
				<_6>-1,-1</_6>
				<_7>-1,-1</_7>
				<_8>-1,-1</_8>
				<_9>-1,-1</_9>
			</PedProps>
			<PedComps>
				<_0>1,0</_0>
				<_1>0,0</_1>
				<_2>0,0</_2>
				<_3>0,0</_3>
				<_4>0,0</_4>
				<_5>0,0</_5>
				<_6>0,0</_6>
				<_7>0,0</_7>
				<_8>1,0</_8>
				<_9>0,0</_9>
				<_10>0,0</_10>
				<_11>1,0</_11>
			</PedComps>
			<RelationshipGroupAltered>true</RelationshipGroupAltered>
			<RelationshipGroup>0x217b058e</RelationshipGroup>
			<ScenarioActive>true</ScenarioActive>
			<ScenarioName>WORLD_HUMAN_STAND_MOBILE_UPRIGHT</ScenarioName>
			<AnimActive>false</AnimActive>
		</PedProperties>
		<OpacityLevel>255</OpacityLevel>
		<LodDistance>16960</LodDistance>
		<IsVisible>true</IsVisible>
		<MaxHealth>200</MaxHealth>
		<Health>200</Health>
		<HasGravity>true</HasGravity>
		<IsOnFire>false</IsOnFire>
		<IsInvincible>false</IsInvincible>
		<IsBulletProof>false</IsBulletProof>
		<IsCollisionProof>false</IsCollisionProof>
		<IsExplosionProof>false</IsExplosionProof>
		<IsFireProof>false</IsFireProof>
		<IsMeleeProof>false</IsMeleeProof>
		<IsOnlyDamagedByPlayer>false</IsOnlyDamagedByPlayer>
		<PositionRotation>
			<X>-766.503113</X>
			<Y>167.24585</Y>
			<Z>67.4740448</Z>
			<Pitch>0</Pitch>
			<Roll>-0</Roll>
			<Yaw>150.949448</Yaw>
		</PositionRotation>
		<Attachment isAttached="false" />
	</Placement>
	<Placement>
		<ModelHash>0xf161d212</ModelHash>
		<Type>1</Type>
		<Dynamic>true</Dynamic>
		<FrozenPos>false</FrozenPos>
		<HashName>Gark's Security</HashName>
		<InitialHandle>590604</InitialHandle>
		<PedProperties>
			<IsStill>false</IsStill>
			<CanRagdoll>true</CanRagdoll>
			<HasShortHeight>false</HasShortHeight>
			<Armour>0</Armour>
			<CurrentWeapon>0x2be6766b</CurrentWeapon>
			<PedProps>
				<_0>-1,-1</_0>
				<_1>-1,-1</_1>
				<_2>-1,-1</_2>
				<_3>-1,-1</_3>
				<_4>-1,-1</_4>
				<_5>-1,-1</_5>
				<_6>-1,-1</_6>
				<_7>-1,-1</_7>
				<_8>-1,-1</_8>
				<_9>-1,-1</_9>
			</PedProps>
			<PedComps>
				<_0>0,0</_0>
				<_1>0,0</_1>
				<_2>0,0</_2>
				<_3>0,2</_3>
				<_4>0,2</_4>
				<_5>0,0</_5>
				<_6>0,0</_6>
				<_7>0,0</_7>
				<_8>0,0</_8>
				<_9>0,0</_9>
				<_10>0,0</_10>
				<_11>0,0</_11>
			</PedComps>
			<RelationshipGroupAltered>true</RelationshipGroupAltered>
			<RelationshipGroup>0x217b058e</RelationshipGroup>
			<ScenarioActive>false</ScenarioActive>
			<AnimActive>false</AnimActive>
		</PedProperties>
		<OpacityLevel>255</OpacityLevel>
		<LodDistance>16960</LodDistance>
		<IsVisible>true</IsVisible>
		<MaxHealth>200</MaxHealth>
		<Health>200</Health>
		<HasGravity>true</HasGravity>
		<IsOnFire>false</IsOnFire>
		<IsInvincible>false</IsInvincible>
		<IsBulletProof>false</IsBulletProof>
		<IsCollisionProof>false</IsCollisionProof>
		<IsExplosionProof>false</IsExplosionProof>
		<IsFireProof>false</IsFireProof>
		<IsMeleeProof>false</IsMeleeProof>
		<IsOnlyDamagedByPlayer>false</IsOnlyDamagedByPlayer>
		<PositionRotation>
			<X>-780.836365</X>
			<Y>167.475494</Y>
			<Z>67.4733124</Z>
			<Pitch>0</Pitch>
			<Roll>-0</Roll>
			<Yaw>-140.276627</Yaw>
		</PositionRotation>
		<Attachment isAttached="false" />
	</Placement>
	<Placement>
		<ModelHash>0xf161d212</ModelHash>
		<Type>1</Type>
		<Dynamic>true</Dynamic>
		<FrozenPos>false</FrozenPos>
		<HashName>Gark's Security</HashName>
		<InitialHandle>15113</InitialHandle>
		<PedProperties>
			<IsStill>false</IsStill>
			<CanRagdoll>true</CanRagdoll>
			<HasShortHeight>false</HasShortHeight>
			<Armour>0</Armour>
			<CurrentWeapon>0x39958261</CurrentWeapon>
			<PedProps>
				<_0>-1,-1</_0>
				<_1>-1,-1</_1>
				<_2>-1,-1</_2>
				<_3>-1,-1</_3>
				<_4>-1,-1</_4>
				<_5>-1,-1</_5>
				<_6>-1,-1</_6>
				<_7>-1,-1</_7>
				<_8>-1,-1</_8>
				<_9>-1,-1</_9>
			</PedProps>
			<PedComps>
				<_0>0,2</_0>
				<_1>0,0</_1>
				<_2>0,0</_2>
				<_3>0,0</_3>
				<_4>0,0</_4>
				<_5>0,0</_5>
				<_6>0,0</_6>
				<_7>0,0</_7>
				<_8>0,0</_8>
				<_9>0,0</_9>
				<_10>0,0</_10>
				<_11>1,1</_11>
			</PedComps>
			<RelationshipGroupAltered>true</RelationshipGroupAltered>
			<RelationshipGroup>0x217b058e</RelationshipGroup>
			<ScenarioActive>true</ScenarioActive>
			<ScenarioName>WORLD_HUMAN_DRINKING</ScenarioName>
			<AnimActive>false</AnimActive>
		</PedProperties>
		<OpacityLevel>255</OpacityLevel>
		<LodDistance>16960</LodDistance>
		<IsVisible>true</IsVisible>
		<MaxHealth>200</MaxHealth>
		<Health>200</Health>
		<HasGravity>true</HasGravity>
		<IsOnFire>false</IsOnFire>
		<IsInvincible>false</IsInvincible>
		<IsBulletProof>false</IsBulletProof>
		<IsCollisionProof>false</IsCollisionProof>
		<IsExplosionProof>false</IsExplosionProof>
		<IsFireProof>false</IsFireProof>
		<IsMeleeProof>false</IsMeleeProof>
		<IsOnlyDamagedByPlayer>false</IsOnlyDamagedByPlayer>
		<PositionRotation>
			<X>-780.786804</X>
			<Y>139.455673</Y>
			<Z>67.4738617</Z>
			<Pitch>-0</Pitch>
			<Roll>-0</Roll>
			<Yaw>-50.5423126</Yaw>
		</PositionRotation>
		<Attachment isAttached="false" />
	</Placement>
	<Placement>
		<ModelHash>0xf161d212</ModelHash>
		<Type>1</Type>
		<Dynamic>true</Dynamic>
		<FrozenPos>false</FrozenPos>
		<HashName>Gark's Security</HashName>
		<InitialHandle>631560</InitialHandle>
		<PedProperties>
			<IsStill>false</IsStill>
			<CanRagdoll>true</CanRagdoll>
			<HasShortHeight>false</HasShortHeight>
			<Armour>0</Armour>
			<CurrentWeapon>0x39958261</CurrentWeapon>
			<PedProps>
				<_0>-1,-1</_0>
				<_1>-1,-1</_1>
				<_2>-1,-1</_2>
				<_3>-1,-1</_3>
				<_4>-1,-1</_4>
				<_5>-1,-1</_5>
				<_6>-1,-1</_6>
				<_7>-1,-1</_7>
				<_8>-1,-1</_8>
				<_9>-1,-1</_9>
			</PedProps>
			<PedComps>
				<_0>1,1</_0>
				<_1>0,0</_1>
				<_2>0,0</_2>
				<_3>0,2</_3>
				<_4>0,2</_4>
				<_5>0,0</_5>
				<_6>0,0</_6>
				<_7>0,0</_7>
				<_8>0,0</_8>
				<_9>0,0</_9>
				<_10>0,0</_10>
				<_11>0,2</_11>
			</PedComps>
			<RelationshipGroupAltered>true</RelationshipGroupAltered>
			<RelationshipGroup>0x217b058e</RelationshipGroup>
			<ScenarioActive>true</ScenarioActive>
			<ScenarioName>WORLD_HUMAN_DRINKING</ScenarioName>
			<AnimActive>false</AnimActive>
		</PedProperties>
		<OpacityLevel>255</OpacityLevel>
		<LodDistance>16960</LodDistance>
		<IsVisible>true</IsVisible>
		<MaxHealth>200</MaxHealth>
		<Health>200</Health>
		<HasGravity>true</HasGravity>
		<IsOnFire>false</IsOnFire>
		<IsInvincible>false</IsInvincible>
		<IsBulletProof>false</IsBulletProof>
		<IsCollisionProof>false</IsCollisionProof>
		<IsExplosionProof>false</IsExplosionProof>
		<IsFireProof>false</IsFireProof>
		<IsMeleeProof>false</IsMeleeProof>
		<IsOnlyDamagedByPlayer>false</IsOnlyDamagedByPlayer>
		<PositionRotation>
			<X>-763.21759</X>
			<Y>138.833054</Y>
			<Z>67.4733658</Z>
			<Pitch>0</Pitch>
			<Roll>0</Roll>
			<Yaw>50.7104836</Yaw>
		</PositionRotation>
		<Attachment isAttached="false" />
	</Placement>
	<Placement>
		<ModelHash>0xf161d212</ModelHash>
		<Type>1</Type>
		<Dynamic>true</Dynamic>
		<FrozenPos>false</FrozenPos>
		<HashName>Gark's Security</HashName>
		<InitialHandle>471813</InitialHandle>
		<PedProperties>
			<IsStill>false</IsStill>
			<CanRagdoll>true</CanRagdoll>
			<HasShortHeight>false</HasShortHeight>
			<Armour>0</Armour>
			<CurrentWeapon>0x05fc3c11</CurrentWeapon>
			<PedProps>
				<_0>-1,-1</_0>
				<_1>-1,-1</_1>
				<_2>-1,-1</_2>
				<_3>-1,-1</_3>
				<_4>-1,-1</_4>
				<_5>-1,-1</_5>
				<_6>-1,-1</_6>
				<_7>-1,-1</_7>
				<_8>-1,-1</_8>
				<_9>-1,-1</_9>
			</PedProps>
			<PedComps>
				<_0>0,1</_0>
				<_1>0,0</_1>
				<_2>0,0</_2>
				<_3>0,2</_3>
				<_4>0,2</_4>
				<_5>0,0</_5>
				<_6>0,0</_6>
				<_7>0,0</_7>
				<_8>0,0</_8>
				<_9>0,0</_9>
				<_10>0,0</_10>
				<_11>0,0</_11>
			</PedComps>
			<RelationshipGroupAltered>true</RelationshipGroupAltered>
			<RelationshipGroup>0x217b058e</RelationshipGroup>
			<ScenarioActive>false</ScenarioActive>
			<AnimActive>false</AnimActive>
		</PedProperties>
		<OpacityLevel>255</OpacityLevel>
		<LodDistance>16960</LodDistance>
		<IsVisible>true</IsVisible>
		<MaxHealth>200</MaxHealth>
		<Health>200</Health>
		<HasGravity>true</HasGravity>
		<IsOnFire>false</IsOnFire>
		<IsInvincible>false</IsInvincible>
		<IsBulletProof>false</IsBulletProof>
		<IsCollisionProof>false</IsCollisionProof>
		<IsExplosionProof>false</IsExplosionProof>
		<IsFireProof>false</IsFireProof>
		<IsMeleeProof>false</IsMeleeProof>
		<IsOnlyDamagedByPlayer>false</IsOnlyDamagedByPlayer>
		<PositionRotation>
			<X>-792.735352</X>
			<Y>144.301651</Y>
			<Z>69.6709137</Z>
			<Pitch>0</Pitch>
			<Roll>-0</Roll>
			<Yaw>-170.793793</Yaw>
		</PositionRotation>
		<Attachment isAttached="false" />
	</Placement>
	<Placement>
		<ModelHash>0xf161d212</ModelHash>
		<Type>1</Type>
		<Dynamic>true</Dynamic>
		<FrozenPos>false</FrozenPos>
		<HashName>Gark's Security</HashName>
		<InitialHandle>706568</InitialHandle>
		<PedProperties>
			<IsStill>false</IsStill>
			<CanRagdoll>true</CanRagdoll>
			<HasShortHeight>false</HasShortHeight>
			<Armour>0</Armour>
			<CurrentWeapon>0x1d073a89</CurrentWeapon>
			<PedProps>
				<_0>-1,-1</_0>
				<_1>-1,-1</_1>
				<_2>-1,-1</_2>
				<_3>-1,-1</_3>
				<_4>-1,-1</_4>
				<_5>-1,-1</_5>
				<_6>-1,-1</_6>
				<_7>-1,-1</_7>
				<_8>-1,-1</_8>
				<_9>-1,-1</_9>
			</PedProps>
			<PedComps>
				<_0>0,2</_0>
				<_1>0,0</_1>
				<_2>0,0</_2>
				<_3>0,2</_3>
				<_4>0,2</_4>
				<_5>0,0</_5>
				<_6>0,0</_6>
				<_7>0,0</_7>
				<_8>1,0</_8>
				<_9>0,0</_9>
				<_10>0,0</_10>
				<_11>1,1</_11>
			</PedComps>
			<RelationshipGroupAltered>true</RelationshipGroupAltered>
			<RelationshipGroup>0x217b058e</RelationshipGroup>
			<ScenarioActive>false</ScenarioActive>
			<AnimActive>false</AnimActive>
		</PedProperties>
		<OpacityLevel>255</OpacityLevel>
		<LodDistance>16960</LodDistance>
		<IsVisible>true</IsVisible>
		<MaxHealth>200</MaxHealth>
		<Health>200</Health>
		<HasGravity>true</HasGravity>
		<IsOnFire>false</IsOnFire>
		<IsInvincible>false</IsInvincible>
		<IsBulletProof>false</IsBulletProof>
		<IsCollisionProof>false</IsCollisionProof>
		<IsExplosionProof>false</IsExplosionProof>
		<IsFireProof>false</IsFireProof>
		<IsMeleeProof>false</IsMeleeProof>
		<IsOnlyDamagedByPlayer>false</IsOnlyDamagedByPlayer>
		<PositionRotation>
			<X>-797.555969</X>
			<Y>157.898056</Y>
			<Z>70.6736298</Z>
			<Pitch>0</Pitch>
			<Roll>-0</Roll>
			<Yaw>-144.520111</Yaw>
		</PositionRotation>
		<Attachment isAttached="false" />
	</Placement>
	<Placement>
		<ModelHash>0xf161d212</ModelHash>
		<Type>1</Type>
		<Dynamic>true</Dynamic>
		<FrozenPos>false</FrozenPos>
		<HashName>Gark's Security</HashName>
		<InitialHandle>505605</InitialHandle>
		<PedProperties>
			<IsStill>false</IsStill>
			<CanRagdoll>true</CanRagdoll>
			<HasShortHeight>false</HasShortHeight>
			<Armour>0</Armour>
			<CurrentWeapon>0x2be6766b</CurrentWeapon>
			<PedProps>
				<_0>-1,-1</_0>
				<_1>-1,-1</_1>
				<_2>-1,-1</_2>
				<_3>-1,-1</_3>
				<_4>-1,-1</_4>
				<_5>-1,-1</_5>
				<_6>-1,-1</_6>
				<_7>-1,-1</_7>
				<_8>-1,-1</_8>
				<_9>-1,-1</_9>
			</PedProps>
			<PedComps>
				<_0>0,0</_0>
				<_1>0,0</_1>
				<_2>0,0</_2>
				<_3>0,0</_3>
				<_4>0,0</_4>
				<_5>0,0</_5>
				<_6>0,0</_6>
				<_7>0,0</_7>
				<_8>0,0</_8>
				<_9>0,0</_9>
				<_10>0,0</_10>
				<_11>0,2</_11>
			</PedComps>
			<RelationshipGroupAltered>true</RelationshipGroupAltered>
			<RelationshipGroup>0x217b058e</RelationshipGroup>
			<ScenarioActive>true</ScenarioActive>
			<ScenarioName>WORLD_HUMAN_SMOKING</ScenarioName>
			<AnimActive>false</AnimActive>
		</PedProperties>
		<OpacityLevel>255</OpacityLevel>
		<LodDistance>16960</LodDistance>
		<IsVisible>true</IsVisible>
		<MaxHealth>200</MaxHealth>
		<Health>200</Health>
		<HasGravity>true</HasGravity>
		<IsOnFire>false</IsOnFire>
		<IsInvincible>false</IsInvincible>
		<IsBulletProof>false</IsBulletProof>
		<IsCollisionProof>false</IsCollisionProof>
		<IsExplosionProof>false</IsExplosionProof>
		<IsFireProof>false</IsFireProof>
		<IsMeleeProof>false</IsMeleeProof>
		<IsOnlyDamagedByPlayer>false</IsOnlyDamagedByPlayer>
		<PositionRotation>
			<X>-842.002197</X>
			<Y>149.626694</Y>
			<Z>66.8906326</Z>
			<Pitch>0</Pitch>
			<Roll>0</Roll>
			<Yaw>-40.8985558</Yaw>
		</PositionRotation>
		<Attachment isAttached="false" />
	</Placement>
	<Placement>
		<ModelHash>0xf161d212</ModelHash>
		<Type>1</Type>
		<Dynamic>true</Dynamic>
		<FrozenPos>false</FrozenPos>
		<HashName>Gark's Security</HashName>
		<InitialHandle>583433</InitialHandle>
		<PedProperties>
			<IsStill>false</IsStill>
			<CanRagdoll>true</CanRagdoll>
			<HasShortHeight>false</HasShortHeight>
			<Armour>0</Armour>
			<CurrentWeapon>0xbfefff6d</CurrentWeapon>
			<PedProps>
				<_0>-1,-1</_0>
				<_1>-1,-1</_1>
				<_2>-1,-1</_2>
				<_3>-1,-1</_3>
				<_4>-1,-1</_4>
				<_5>-1,-1</_5>
				<_6>-1,-1</_6>
				<_7>-1,-1</_7>
				<_8>-1,-1</_8>
				<_9>-1,-1</_9>
			</PedProps>
			<PedComps>
				<_0>1,0</_0>
				<_1>0,0</_1>
				<_2>0,0</_2>
				<_3>0,2</_3>
				<_4>0,2</_4>
				<_5>0,0</_5>
				<_6>0,0</_6>
				<_7>0,0</_7>
				<_8>1,0</_8>
				<_9>0,0</_9>
				<_10>0,0</_10>
				<_11>1,0</_11>
			</PedComps>
			<RelationshipGroupAltered>true</RelationshipGroupAltered>
			<RelationshipGroup>0x217b058e</RelationshipGroup>
			<ScenarioActive>false</ScenarioActive>
			<AnimActive>false</AnimActive>
		</PedProperties>
		<OpacityLevel>255</OpacityLevel>
		<LodDistance>16960</LodDistance>
		<IsVisible>true</IsVisible>
		<MaxHealth>200</MaxHealth>
		<Health>200</Health>
		<HasGravity>true</HasGravity>
		<IsOnFire>false</IsOnFire>
		<IsInvincible>false</IsInvincible>
		<IsBulletProof>false</IsBulletProof>
		<IsCollisionProof>false</IsCollisionProof>
		<IsExplosionProof>false</IsExplosionProof>
		<IsFireProof>false</IsFireProof>
		<IsMeleeProof>false</IsMeleeProof>
		<IsOnlyDamagedByPlayer>false</IsOnlyDamagedByPlayer>
		<PositionRotation>
			<X>-849.621582</X>
			<Y>153.989319</Y>
			<Z>65.0553513</Z>
			<Pitch>0</Pitch>
			<Roll>0</Roll>
			<Yaw>36.5270004</Yaw>
		</PositionRotation>
		<Attachment isAttached="false" />
	</Placement>
	<Placement>
		<ModelHash>0xf161d212</ModelHash>
		<Type>1</Type>
		<Dynamic>true</Dynamic>
		<FrozenPos>false</FrozenPos>
		<HashName>Gark's Security</HashName>
		<InitialHandle>59914</InitialHandle>
		<PedProperties>
			<IsStill>false</IsStill>
			<CanRagdoll>true</CanRagdoll>
			<HasShortHeight>false</HasShortHeight>
			<Armour>0</Armour>
			<CurrentWeapon>0x1d073a89</CurrentWeapon>
			<PedProps>
				<_0>-1,-1</_0>
				<_1>-1,-1</_1>
				<_2>-1,-1</_2>
				<_3>-1,-1</_3>
				<_4>-1,-1</_4>
				<_5>-1,-1</_5>
				<_6>-1,-1</_6>
				<_7>-1,-1</_7>
				<_8>-1,-1</_8>
				<_9>-1,-1</_9>
			</PedProps>
			<PedComps>
				<_0>0,2</_0>
				<_1>0,0</_1>
				<_2>0,0</_2>
				<_3>0,0</_3>
				<_4>0,0</_4>
				<_5>0,0</_5>
				<_6>0,0</_6>
				<_7>0,0</_7>
				<_8>0,0</_8>
				<_9>0,0</_9>
				<_10>0,0</_10>
				<_11>0,0</_11>
			</PedComps>
			<RelationshipGroupAltered>true</RelationshipGroupAltered>
			<RelationshipGroup>0x217b058e</RelationshipGroup>
			<ScenarioActive>false</ScenarioActive>
			<AnimActive>false</AnimActive>
		</PedProperties>
		<OpacityLevel>255</OpacityLevel>
		<LodDistance>16960</LodDistance>
		<IsVisible>true</IsVisible>
		<MaxHealth>200</MaxHealth>
		<Health>200</Health>
		<HasGravity>true</HasGravity>
		<IsOnFire>false</IsOnFire>
		<IsInvincible>false</IsInvincible>
		<IsBulletProof>false</IsBulletProof>
		<IsCollisionProof>false</IsCollisionProof>
		<IsExplosionProof>false</IsExplosionProof>
		<IsFireProof>false</IsFireProof>
		<IsMeleeProof>false</IsMeleeProof>
		<IsOnlyDamagedByPlayer>false</IsOnlyDamagedByPlayer>
		<PositionRotation>
			<X>-848.972168</X>
			<Y>164.147232</Y>
			<Z>66.5505219</Z>
			<Pitch>0</Pitch>
			<Roll>-0</Roll>
			<Yaw>130.251007</Yaw>
		</PositionRotation>
		<Attachment isAttached="false" />
	</Placement>
	<Placement>
		<ModelHash>0xf161d212</ModelHash>
		<Type>1</Type>
		<Dynamic>true</Dynamic>
		<FrozenPos>false</FrozenPos>
		<HashName>Gark's Security</HashName>
		<InitialHandle>216078</InitialHandle>
		<PedProperties>
			<IsStill>false</IsStill>
			<CanRagdoll>true</CanRagdoll>
			<HasShortHeight>false</HasShortHeight>
			<Armour>0</Armour>
			<CurrentWeapon>0x1d073a89</CurrentWeapon>
			<PedProps>
				<_0>-1,-1</_0>
				<_1>-1,-1</_1>
				<_2>-1,-1</_2>
				<_3>-1,-1</_3>
				<_4>-1,-1</_4>
				<_5>-1,-1</_5>
				<_6>-1,-1</_6>
				<_7>-1,-1</_7>
				<_8>-1,-1</_8>
				<_9>-1,-1</_9>
			</PedProps>
			<PedComps>
				<_0>1,0</_0>
				<_1>0,0</_1>
				<_2>0,0</_2>
				<_3>0,0</_3>
				<_4>0,0</_4>
				<_5>0,0</_5>
				<_6>0,0</_6>
				<_7>0,0</_7>
				<_8>0,0</_8>
				<_9>0,0</_9>
				<_10>0,0</_10>
				<_11>0,2</_11>
			</PedComps>
			<RelationshipGroupAltered>true</RelationshipGroupAltered>
			<RelationshipGroup>0x217b058e</RelationshipGroup>
			<ScenarioActive>false</ScenarioActive>
			<AnimActive>false</AnimActive>
		</PedProperties>
		<OpacityLevel>255</OpacityLevel>
		<LodDistance>16960</LodDistance>
		<IsVisible>true</IsVisible>
		<MaxHealth>200</MaxHealth>
		<Health>200</Health>
		<HasGravity>true</HasGravity>
		<IsOnFire>false</IsOnFire>
		<IsInvincible>false</IsInvincible>
		<IsBulletProof>false</IsBulletProof>
		<IsCollisionProof>false</IsCollisionProof>
		<IsExplosionProof>false</IsExplosionProof>
		<IsFireProof>false</IsFireProof>
		<IsMeleeProof>false</IsMeleeProof>
		<IsOnlyDamagedByPlayer>false</IsOnlyDamagedByPlayer>
		<PositionRotation>
			<X>-843.988281</X>
			<Y>195.582214</Y>
			<Z>73.5416336</Z>
			<Pitch>0</Pitch>
			<Roll>-0</Roll>
			<Yaw>-178.614853</Yaw>
		</PositionRotation>
		<Attachment isAttached="false" />
	</Placement>
	<Placement>
		<ModelHash>0xf161d212</ModelHash>
		<Type>1</Type>
		<Dynamic>true</Dynamic>
		<FrozenPos>false</FrozenPos>
		<HashName>Gark's Security</HashName>
		<InitialHandle>546061</InitialHandle>
		<PedProperties>
			<IsStill>false</IsStill>
			<CanRagdoll>true</CanRagdoll>
			<HasShortHeight>false</HasShortHeight>
			<Armour>0</Armour>
			<CurrentWeapon>0xbfefff6d</CurrentWeapon>
			<PedProps>
				<_0>-1,-1</_0>
				<_1>-1,-1</_1>
				<_2>-1,-1</_2>
				<_3>-1,-1</_3>
				<_4>-1,-1</_4>
				<_5>-1,-1</_5>
				<_6>-1,-1</_6>
				<_7>-1,-1</_7>
				<_8>-1,-1</_8>
				<_9>-1,-1</_9>
			</PedProps>
			<PedComps>
				<_0>1,1</_0>
				<_1>0,0</_1>
				<_2>0,0</_2>
				<_3>0,2</_3>
				<_4>0,2</_4>
				<_5>0,0</_5>
				<_6>0,0</_6>
				<_7>0,0</_7>
				<_8>0,0</_8>
				<_9>0,0</_9>
				<_10>0,0</_10>
				<_11>1,0</_11>
			</PedComps>
			<RelationshipGroupAltered>true</RelationshipGroupAltered>
			<RelationshipGroup>0x217b058e</RelationshipGroup>
			<ScenarioActive>false</ScenarioActive>
			<AnimActive>false</AnimActive>
		</PedProperties>
		<OpacityLevel>255</OpacityLevel>
		<LodDistance>16960</LodDistance>
		<IsVisible>true</IsVisible>
		<MaxHealth>200</MaxHealth>
		<Health>200</Health>
		<HasGravity>true</HasGravity>
		<IsOnFire>false</IsOnFire>
		<IsInvincible>false</IsInvincible>
		<IsBulletProof>false</IsBulletProof>
		<IsCollisionProof>false</IsCollisionProof>
		<IsExplosionProof>false</IsExplosionProof>
		<IsFireProof>false</IsFireProof>
		<IsMeleeProof>false</IsMeleeProof>
		<IsOnlyDamagedByPlayer>false</IsOnlyDamagedByPlayer>
		<PositionRotation>
			<X>-804.043701</X>
			<Y>189.409836</Y>
			<Z>72.8351288</Z>
			<Pitch>0</Pitch>
			<Roll>0</Roll>
			<Yaw>23.2839432</Yaw>
		</PositionRotation>
		<Attachment isAttached="false" />
	</Placement>
	<Placement>
		<ModelHash>0xf161d212</ModelHash>
		<Type>1</Type>
		<Dynamic>true</Dynamic>
		<FrozenPos>false</FrozenPos>
		<HashName>Gark's Security</HashName>
		<InitialHandle>176904</InitialHandle>
		<PedProperties>
			<IsStill>false</IsStill>
			<CanRagdoll>true</CanRagdoll>
			<HasShortHeight>false</HasShortHeight>
			<Armour>0</Armour>
			<CurrentWeapon>0xbfefff6d</CurrentWeapon>
			<PedProps>
				<_0>-1,-1</_0>
				<_1>-1,-1</_1>
				<_2>-1,-1</_2>
				<_3>-1,-1</_3>
				<_4>-1,-1</_4>
				<_5>-1,-1</_5>
				<_6>-1,-1</_6>
				<_7>-1,-1</_7>
				<_8>-1,-1</_8>
				<_9>-1,-1</_9>
			</PedProps>
			<PedComps>
				<_0>0,0</_0>
				<_1>0,0</_1>
				<_2>0,0</_2>
				<_3>0,0</_3>
				<_4>0,0</_4>
				<_5>0,0</_5>
				<_6>0,0</_6>
				<_7>0,0</_7>
				<_8>0,0</_8>
				<_9>0,0</_9>
				<_10>0,0</_10>
				<_11>1,1</_11>
			</PedComps>
			<RelationshipGroupAltered>true</RelationshipGroupAltered>
			<RelationshipGroup>0x217b058e</RelationshipGroup>
			<ScenarioActive>false</ScenarioActive>
			<AnimActive>false</AnimActive>
		</PedProperties>
		<OpacityLevel>255</OpacityLevel>
		<LodDistance>16960</LodDistance>
		<IsVisible>true</IsVisible>
		<MaxHealth>200</MaxHealth>
		<Health>200</Health>
		<HasGravity>true</HasGravity>
		<IsOnFire>false</IsOnFire>
		<IsInvincible>false</IsInvincible>
		<IsBulletProof>false</IsBulletProof>
		<IsCollisionProof>false</IsCollisionProof>
		<IsExplosionProof>false</IsExplosionProof>
		<IsFireProof>false</IsFireProof>
		<IsMeleeProof>false</IsMeleeProof>
		<IsOnlyDamagedByPlayer>false</IsOnlyDamagedByPlayer>
		<PositionRotation>
			<X>-801.87854</X>
			<Y>179.744843</Y>
			<Z>76.7370911</Z>
			<Pitch>0</Pitch>
			<Roll>-0</Roll>
			<Yaw>123.446541</Yaw>
		</PositionRotation>
		<Attachment isAttached="false" />
	</Placement>
</SpoonerPlacements>
